layer_idx,layer_name,T_UE_s,T_up_s,T_ES_s,T_down_s,L_s
0,features.0,0.014566248864866793,4.9,0.00714537504661296,1.6e-06,4.921713223911479
1,features.1,0.015153750427998602,4.9,0.007136982167139649,1.6e-06,4.922292332595138
2,features.2,0.0544912472832948,4.9,0.006575017926349703,1.6e-06,4.961067865209644
3,features.3,0.05847624852322042,4.9,0.0065180893372079095,1.6e-06,4.9649959378604285
4,features.4,0.061873748200014234,1.225,0.006469553627539426,1.6e-06,1.2933449018275538
5,features.5,0.07721374568063766,2.45,0.006250410806387663,1.6e-06,2.5334657564870255
6,features.6,0.07899875054135919,2.45,0.006224910736948784,1.6e-06,2.535225261278308
7,features.7,0.11546374298632145,2.45,0.005703982273449323,1.6e-06,2.5711693252597705
8,features.8,0.11388624843675643,2.45,0.00572651790987168,1.6e-06,2.569614366346628
9,features.9,0.11398374626878649,0.6125,0.005725125083699822,1.6e-06,0.7322104713524864
10,features.10,0.13162125542294234,1.225,0.005473160667211882,1.6e-06,1.3620960160901543
11,features.11,0.13125499826855958,1.225,0.005478392912274492,1.6e-06,1.361734991180834
12,features.12,0.1632337545743212,1.225,0.0050215535364778975,1.6e-06,1.3932569081107993
13,features.13,0.16499750199727714,1.225,0.004996357144721385,1.6e-06,1.3949954591419984
14,features.14,0.19491375715006143,1.225,0.00456898207111018,1.6e-06,1.4244843392211717
15,features.15,0.19799999718088657,1.225,0.004524892927812678,1.6e-06,1.4275264901086993
16,features.16,0.1953475031768903,0.30625,0.0045627856992983395,1.6e-06,0.5061618888761886
17,features.17,0.21714250033255666,0.6125,0.004251428597074535,1.6e-06,0.8338955289296313
18,features.18,0.216616244870238,0.6125,0.004258946532250515,1.6e-06,0.8333767914024887
19,features.19,0.25232749758288264,0.6125,0.003748785779212734,1.6e-06,0.8685778833620955
20,features.20,0.25134000461548567,0.6125,0.0037628928216041197,1.6e-06,0.8676044974370899
21,features.21,0.2883250010199845,0.6125,0.00323453573011128,1.6e-06,0.9040611367500958
22,features.22,0.28700249968096614,0.6125,0.00325342860638297,1.6e-06,0.9027575282873491
23,features.23,0.2868199982913211,0.153125,0.0032560357690921853,1.6e-06,0.44320263406041327
24,features.24,0.31058874737937003,0.153125,0.002916482210691486,1.6e-06,0.4666318295900615
25,features.25,0.3094387473538518,0.153125,0.002932910782484604,1.6e-06,0.4654982581363364
26,features.26,0.34637749777175486,0.153125,0.0024052143479431315,1.6e-06,0.501909312119698
27,features.27,0.40452499815728515,0.153125,0.0015745357710069846,1.6e-06,0.5592261339282921
28,features.28,0.43552624993026257,0.153125,0.0011316607456787356,1.6e-06,0.5897845106759413
29,features.29,0.43790750787593424,0.153125,0.0010976427750262832,1.6e-06,0.5921317506509606
30,features.30,0.43498000013642013,0.03828125,0.001139464314162199,1.6e-06,0.4744023144505823
31,avgpool,0.4359512502560392,0.03828125,0.001125589312453355,1.6e-06,0.47535968956849256
32,classifier.0,0.5522700026631355,0.00625,0.0,1.6e-06,0.5585216026631356
33,classifier.1,0.5167575000086799,0.00625,0.0,1.6e-06,0.52300910000868
34,classifier.2,0.5010162509279326,0.00625,0.00019608930285487859,1.6e-06,0.5074639402307874
35,classifier.3,0.5190562515053898,0.00625,0.0,1.6e-06,0.5253078515053898
36,classifier.4,0.5185887537663803,0.00625,0.0,1.6e-06,0.5248403537663803
37,classifier.5,0.5178362567676231,0.00625,0.0,1.6e-06,0.5240878567676232
38,classifier.6,0.5210050032474101,0.00152587890625,0.0,1.6e-06,0.5225324821536601
