split_point,end_layer_index,end_layer_name,T_UE_ms,upload_size_mb,T_up_ms,T_ES_ms,T_down_ms,L_ms
0,-1,Input,0.0,0.574219,459.375,0.5318,0.0032,459.91
1,1,features.1,0.1698,12.25,9800.0,0.5148,0.0032,9800.6878
2,4,features.4,0.6275,3.0625,2450.0,0.4691,0.0032,2451.0997
3,6,features.6,0.8346,6.125,4900.0,0.4483,0.0032,4901.2862
4,9,features.9,1.1626,1.53125,1225.0,0.4155,0.0032,1226.5814
5,11,features.11,1.3452,3.0625,2450.0,0.3973,0.0032,2451.7456
6,13,features.13,1.6606,3.0625,2450.0,0.3657,0.0032,2452.0295
7,16,features.16,2.0004,0.765625,612.5,0.3318,0.0032,614.8354
8,18,features.18,2.2198,1.53125,1225.0,0.3098,0.0032,1227.5328
9,20,features.20,2.5889,1.53125,1225.0,0.2729,0.0032,1227.865
10,23,features.23,2.9633,0.382812,306.25,0.2355,0.0032,309.4519
11,25,features.25,3.155,0.382812,306.25,0.2163,0.0032,309.6245
12,27,features.27,3.3541,0.382812,306.25,0.1964,0.0032,309.8037
13,30,features.30,4.3355,0.095703,76.5625,0.0983,0.0032,80.9995
14,31,avgpool,4.5945,0.095703,76.5625,0.0724,0.0032,81.2326
15,34,classifier.2,6.1065,0.015625,12.5,0.0,0.0032,18.6097
16,37,classifier.5,5.5332,0.015625,12.5,0.0,0.0032,18.0364
17,38,classifier.6,5.3659,0.003815,3.0518,0.0,0.0032,8.4208
